{"stats":{"minecraft:killed_by":{"minecraft:creeper":2},"minecraft:custom":{"minecraft:interact_with_furnace":4,"minecraft:mob_kills":14,"minecraft:interact_with_crafting_table":17,"minecraft:play_one_minute":57155,"minecraft:leave_game":1,"minecraft:time_since_death":36121,"minecraft:sleep_in_bed":4,"minecraft:time_since_rest":7841,"minecraft:waystone_activated":1,"minecraft:sprint_one_cm":150618,"minecraft:damage_taken":880,"minecraft:walk_one_cm":71358,"minecraft:drop":9,"minecraft:damage_dealt":4110,"minecraft:talked_to_villager":5,"minecraft:fly_one_cm":190183,"minecraft:open_chest":44,"minecraft:crouch_one_cm":3600,"minecraft:deaths":2,"minecraft:sneak_time":1770,"minecraft:jump":862,"minecraft:interact_with_blast_furnace":6,"minecraft:walk_on_water_one_cm":1613,"minecraft:fall_one_cm":26674},"minecraft:mined":{"minecraft:gray_terracotta":5,"minecraft:white_bed":2,"minecraft:brown_concrete":1,"minecraft:crafting_table":5,"minecraft:blast_furnace":1,"minecraft:grass_block":3,"minecraft:chest":2,"minecraft:tall_grass":1,"peru_mod:totora":31,"minecraft:oak_planks":3,"minecraft:wall_torch":1,"peru_mod:cotton_plant":60,"minecraft:iron_ore":23,"minecraft:green_terracotta":1,"peru_mod:onion_plant":3,"minecraft:grass":8,"minecraft:coal_ore":28,"minecraft:oak_log":75,"minecraft:oak_stairs":1,"minecraft:sunflower":2,"ironchest:iron_chest":4,"minecraft:dirt":1,"minecraft:brown_terracotta":2,"minecraft:stone":26,"minecraft:oak_leaves":2},"minecraft:dropped":{"minecraft:wheat_seeds":1,"minecraft:cobblestone":1,"minecraft:dirt":1,"minecraft:gray_terracotta":12,"minecraft:gunpowder":2,"minecraft:brown_terracotta":3,"minecraft:sunflower":2},"minecraft:picked_up":{"minecraft:crafting_table":5,"minecraft:azure_bluet":1,"minecraft:lilac":1,"minecraft:leather":9,"minecraft:lead":1,"minecraft:oak_stairs":2,"minecraft:enchanted_book":2,"peru_mod:cotton_plant":60,"minecraft:brown_concrete":6,"minecraft:oak_log":75,"peru_mod:onion":3,"minecraft:gunpowder":13,"minecraft:dirt":39,"minecraft:string":8,"minecraft:bone":14,"peru_mod:totora":33,"minecraft:apple":4,"minecraft:gray_terracotta":28,"minecraft:wheat_seeds":4,"minecraft:orange_tulip":1,"minecraft:iron_ingot":9,"minecraft:beef":3,"minecraft:white_tulip":1,"minecraft:iron_ore":23,"minecraft:rose_bush":6,"minecraft:poppy":2,"minecraft:chest":2,"minecraft:oak_planks":3,"minecraft:spruce_trapdoor":4,"minecraft:egg":3,"minecraft:stick":29,"minecraft:brown_terracotta":11,"minecraft:torch":5,"minecraft:dandelion":1,"minecraft:spruce_stairs":1,"ironchest:iron_chest":4,"minecraft:blast_furnace":1,"minecraft:white_bed":2,"minecraft:green_terracotta":1,"minecraft:oak_wood":11,"minecraft:diamond":1,"minecraft:pink_tulip":1,"minecraft:oak_sapling":43,"minecraft:mutton":2,"minecraft:coal":28,"minecraft:white_wool":1,"minecraft:cobblestone":26,"minecraft:sunflower":2},"minecraft:used":{"minecraft:stone_sword":43,"magistuarmory:iron_concavehalberd":111,"minecraft:oak_planks":3,"minecraft:stone_shovel":2,"minecraft:stone_pickaxe":82,"peru_mod:onion":3,"minecraft:chest":4,"minecraft:wooden_pickaxe":13,"minecraft:brown_concrete":1,"minecraft:torch":13,"minecraft:dirt":32,"minecraft:mutton":2,"minecraft:crafting_table":6,"minecraft:white_bed":2,"minecraft:blast_furnace":1,"ironchest:iron_chest":6,"minecraft:oak_log":68,"minecraft:gray_terracotta":5,"minecraft:apple":5,"minecraft:bread":5,"minecraft:stone_axe":25,"minecraft:furnace":2,"minecraft:egg":3},"minecraft:crafted":{"peru_mod:caballito_totora":1,"minecraft:oak_planks":316,"minecraft:stone_shovel":1,"minecraft:crafting_table":1,"minecraft:wooden_pickaxe":1,"minecraft:furnace":2,"magistuarmory:iron_concavehalberd":1,"minecraft:stone_axe":1,"peru_mod:cotton":20,"minecraft:air":0,"minecraft:oak_boat":3,"magistuarmory:hilt":4,"minecraft:string":9,"minecraft:white_wool":2,"minecraft:stick":20,"minecraft:iron_ingot":23,"minecraft:stone_pickaxe":1,"minecraft:stone_sword":1,"minecraft:chest":6,"peru_mod:cotton_rope":6,"peru_mod:totora_bunch":11,"minecraft:white_bed":1,"magistuarmory:woolen_fabric":2,"magistuarmory:pole":2,"minecraft:torch":16,"magistuarmory:leather_strip":24,"ironchest:iron_chest":2},"minecraft:killed":{"minecraft:iron_golem":2,"minecraft:wandering_trader":1,"minecraft:creeper":1,"minecraft:horse":5,"minecraft:sheep":1,"minecraft:trader_llama":1,"minecraft:cow":3}},"DataVersion":2586}